email,password
load001@test.local,Test123!
load002@test.local,Test123!
load003@test.local,Test123!
load004@test.local,Test123!
load005@test.local,Test123!
load006@test.local,Test123!
load007@test.local,Test123!
load008@test.local,Test123!
load009@test.local,Test123!
load010@test.local,Test123!
load011@test.local,Test123!
load012@test.local,Test123!
load013@test.local,Test123!
load014@test.local,Test123!
load015@test.local,Test123!
load016@test.local,Test123!
load017@test.local,Test123!
load018@test.local,Test123!
load019@test.local,Test123!
load020@test.local,Test123!
load021@test.local,Test123!
load022@test.local,Test123!
load023@test.local,Test123!
load024@test.local,Test123!
load025@test.local,Test123!
load026@test.local,Test123!
load027@test.local,Test123!
load028@test.local,Test123!
load029@test.local,Test123!
load030@test.local,Test123!
load031@test.local,Test123!
load032@test.local,Test123!
load033@test.local,Test123!
load034@test.local,Test123!
load035@test.local,Test123!
load036@test.local,Test123!
load037@test.local,Test123!
load038@test.local,Test123!
load039@test.local,Test123!
load040@test.local,Test123!
load041@test.local,Test123!
load042@test.local,Test123!
load043@test.local,Test123!
load044@test.local,Test123!
load045@test.local,Test123!
load046@test.local,Test123!
load047@test.local,Test123!
load048@test.local,Test123!
load049@test.local,Test123!
load050@test.local,Test123!
